precision,recall,mAP50,mAP50-95
0.9878139514002822,0.9885427420018249,0.9928941699313169,0.9665167186054404
